{"cameraMode":{"drawMode":0,"name":"Shaded","section":"Shading Mode"},"sceneLighting":true,"audioPlay":false,"sceneViewState":{"showFog":true,"showMaterialUpdate":false,"showSkybox":true,"showFlares":true,"showImageEffects":true,"showParticleSystems":true},"in2DMode":false,"pivot":{"x":-0.9706859588623047,"y":0.8342041969299316,"z":1.9386749267578126},"rotation":{"x":0.12041468918323517,"y":-0.11291469633579254,"z":0.013787059113383294,"w":0.98618483543396},"size":18.58568000793457,"orthographic":false}